Consultas principales,Clics,Impresiones,CTR,PosiciÃ³n
rust base design,1,31,3.23%,30.87
rust base designer,1,20,5%,55.75
rust farm base 2025,1,11,9.09%,6.64
duo base rust,1,5,20%,18.6
rust solo base 2025,1,4,25%,18.5
rust trio base design 2025,1,2,50%,8.5
farm base rust 2025,1,2,50%,10
open core rust base design,1,1,100%,10
rust farm base design,1,1,100%,13
rust base,0,24,0%,35.25
the frustrator rust,0,17,0%,7.06
rust duo base design,0,17,0%,23.82
base rust,0,15,0%,40.8
rust base designs,0,13,0%,37.46
base design rust,0,12,0%,29.58
3x3 farm base rust,0,10,0%,6.6
rust bases,0,10,0%,35
rust base build,0,9,0%,58
rust base builder,0,9,0%,74.78
rust farm base design 2025,0,7,0%,7.57
base designs rust,0,7,0%,33.86
rust base blueprints,0,7,0%,69
trio base,0,6,0%,14
rust duo base,0,6,0%,24
the frustrator rust base,0,5,0%,4.8
underwater base rust,0,5,0%,16
rust solo base design 2025,0,5,0%,19.6
monolith rust,0,5,0%,40
rust base builds,0,5,0%,46.2
the agitator rust base,0,4,0%,6
best duo base rust,0,4,0%,26.75
rust builds,0,4,0%,50.5
rust solo base design,0,4,0%,51.75
frustrator rust base,0,3,0%,5.33
the frustrator,0,3,0%,6
trio base rust 2025,0,3,0%,6.67
rust duo base 2025,0,3,0%,8.67
2x2 rust footprint,0,3,0%,9
best duo rust base,0,3,0%,10.67
rust quad base design 2025,0,3,0%,11.33
rust underwater base,0,3,0%,15.67
trio base rust,0,3,0%,20.33
rust duo base designs,0,3,0%,20.67
rust 2x2 base design,0,3,0%,21.33
rust base design 2025,0,3,0%,25.67
rust starter base,0,3,0%,27
best rust base designs,0,3,0%,29.67
rust base ideas,0,3,0%,37.33
rust base blueprint,0,3,0%,63.33
dune,0,2,0%,5
rust duo base design 2025,0,2,0%,6
3x3 rust footprint,0,2,0%,8
blooprint 2x2,0,2,0%,8
rust 2x2 base design 2025,0,2,0%,8.5
2x2 open core rust,0,2,0%,9
best duo base,0,2,0%,9
the prodigy rust base,0,2,0%,9
base solo rust 2025,0,2,0%,12
2x2 expansion rust,0,2,0%,13.5
2x2 rust base,0,2,0%,14
best 2x2 expansion rust,0,2,0%,15.5
4x4 rust base,0,2,0%,16
best rust base,0,2,0%,19
rust 2x1 base design,0,2,0%,19
rust duo bunker base,0,2,0%,19
rust trio base,0,2,0%,19.5
rust best duo base,0,2,0%,20.5
monolith base,0,2,0%,21
solo rust base designs,0,2,0%,21
duo base design rust,0,2,0%,24
frustrator,0,2,0%,25
base build rust,0,2,0%,32.5
rust 4x4 footprint,0,2,0%,32.5
4x4 rust base design,0,2,0%,33
best rust duo base,0,2,0%,34
bunker base rust,0,2,0%,39
rust base design online,0,2,0%,46.5
rust solo base blueprint,0,2,0%,47.5
bases rust,0,2,0%,49
rust solo base design 2024,0,2,0%,51.5
rust base maker,0,2,0%,55.5
rust base footprint,0,2,0%,77
rust base design duo,0,1,0%,1
rust 2x2 base,0,1,0%,2
the prodigy,0,1,0%,3
3x3 base,0,1,0%,4
solo duo rust base,0,1,0%,4
best farm base rust,0,1,0%,5
the shade rust base,0,1,0%,6
pve rust base design,0,1,0%,7
3x3 footprint rust,0,1,0%,9
best 2x2 footprint rust,0,1,0%,9
rust base quad,0,1,0%,9
rust raid base design,0,1,0%,9
2x2 expansion rust duo,0,1,0%,10
2x2 rust expansion,0,1,0%,10
duo base,0,1,0%,10
open core base rust,0,1,0%,10
rust 2x2 base expansion,0,1,0%,10
rust bunker 2025,0,1,0%,10
open core rust,0,1,0%,11
rust 2x2,0,1,0%,15
base rust 2025,0,1,0%,16
3x3 base design rust,0,1,0%,17
duo rust base,0,1,0%,17
quad base rust,0,1,0%,17
rust 2x2 expansion,0,1,0%,17
2x2 rust base design,0,1,0%,18
rust base 2x2,0,1,0%,18
solo bunker base rust,0,1,0%,19
2x2 base design,0,1,0%,20
base 2x1 rust,0,1,0%,20
best solo rust bases,0,1,0%,21
3x3 rust base design,0,1,0%,22
rust trap base design,0,1,0%,22
best 2x1 expansion rust,0,1,0%,23
best solo rust base,0,1,0%,23
rust duo bases,0,1,0%,24
rust small base design,0,1,0%,24
solo rust base design,0,1,0%,25
rust best trio base,0,1,0%,26
rust trap base,0,1,0%,26
rust 4x4 base design,0,1,0%,28
rust base building,0,1,0%,28
rust base design solo,0,1,0%,28
rust bunker base,0,1,0%,28
rust 3x3 base design,0,1,0%,29
rust starter base design,0,1,0%,29
duo bases,0,1,0%,32
rust base layout,0,1,0%,32
best base design rust,0,1,0%,33
rust cool base designs,0,1,0%,33
4x4 footprint rust,0,1,0%,34
rust base footprints,0,1,0%,34
underwater cave rust,0,1,0%,34
build rust base,0,1,0%,36
unraidable rust base blueprints,0,1,0%,37
base building rust,0,1,0%,38
rust base design builder,0,1,0%,38
rust base design tool,0,1,0%,38
rust base plan,0,1,0%,38
willjum base design,0,1,0%,42
rust base design trio,0,1,0%,43
rust base blueprint maker,0,1,0%,45
rust footprint builder,0,1,0%,45
willjum base,0,1,0%,45
rust bunker bases,0,1,0%,46
rust base planer,0,1,0%,47
rust small base,0,1,0%,47
small group base rust,0,1,0%,48
solo duo base rust,0,1,0%,50
rust farm base layout,0,1,0%,53
rust base design 2021,0,1,0%,55
rust bunker base design,0,1,0%,55
how to make a bunker in rust,0,1,0%,57
willjum starter base,0,1,0%,57
rust 4 man base,0,1,0%,58
bunker base,0,1,0%,63
rust furnace base,0,1,0%,64
rust console base design,0,1,0%,67
large furnace base rust,0,1,0%,68
trap base,0,1,0%,71
rust zerg base design,0,1,0%,79
the titan rust base,0,1,0%,81
furnace base rust,0,1,0%,86
rust honeycomb base design,0,1,0%,91
rust house designs,0,1,0%,94