Páginas principales,Clics,Impresiones,CTR,Posición
https://www.rustbaselab.com/bases,7,471,1.49%,28.53
https://www.rustbaselab.com/base/the-frustrator-2025-a-casual-solo-duo-trio-open-core-base-rust-base-design-rebuild,2,98,2.04%,6.34
https://www.rustbaselab.com/base/how-to-build-the-ultimate-3x3-farm-base-rust-2025-tutorial,2,96,2.08%,9.74
https://www.rustbaselab.com/base/the-mini-4x4-base-best-quad-base-in-rust-rust-base-designs-2025,2,48,4.17%,11.33
https://www.rustbaselab.com/base/insane-rust-trio-base-design-2025-perfect-trio-base-design,2,34,5.88%,13.15
https://www.rustbaselab.com/base/rust-perfect-base-2x2-for-solo-duo-design-100-rockets,2,14,14.29%,4.86
https://www.rustbaselab.com/base/the-prodigy-trio-quad-bunker-base-offline-tank-amp-online-raid-ready-rust-base-designs-2025,1,40,2.5%,5.95
https://www.rustbaselab.com/base/the-best-solo-duo-base-in-rust-base-design-2024,1,40,2.5%,22.43
https://www.rustbaselab.com/base/the-perfect-solo-base-in-rust-meta-base-design-2025,1,18,5.56%,9.89
https://www.rustbaselab.com/base/d8724c8f-6bff-49e7-92b1-c8548861818b,1,13,7.69%,9.23
https://www.rustbaselab.com/base/the-kubla-solo-duo-trio-affordable-rust-base-design-with-online-and-offline-raid-protection,1,11,9.09%,3.91
https://www.rustbaselab.com/about,1,9,11.11%,4.11
https://www.rustbaselab.com/bases?type=b0a31a6f-f836-49c9-b3b3-93325ff6499b,1,9,11.11%,27.11
https://www.rustbaselab.com/contact,1,8,12.5%,5.62
https://www.rustbaselab.com/privacy,1,4,25%,7.75
https://www.rustbaselab.com/base/coziest-farm-base-in-rust-rust-base-design,1,2,50%,12
https://www.rustbaselab.com/base/solo-mini-open-core-bunker-base-rust-2025-strong-simple-amp-raid-proof-tutorial,0,35,0%,7.89
https://www.rustbaselab.com/base/feros-new-meta-solo-duo-with-open-core-inside-area-insane-peaks-amp-bunker-rust-base-design,0,34,0%,3.59
https://www.rustbaselab.com/base/how-to-build-spoonkid-s-2x2-chad-shack-expansion-rust-base-design-2025,0,31,0%,5.19
https://www.rustbaselab.com/base/rust-the-best-base-for-trio-quad-design-100-rockets-very-strong,0,29,0%,7.31
https://www.rustbaselab.com/base/rust-the-best-solo-duo-rust-base-design-super-strong,0,29,0%,19.72
https://www.rustbaselab.com/base/the-agitator-my-tiny-solo-duo-trio-open-core-bunker-rust-base-design,0,27,0%,7.56
https://www.rustbaselab.com/base/ultimate-rust-underwater-base-2025-hidden-unraidable-bunker,0,22,0%,13.95
https://www.rustbaselab.com/base/the-simple-solo-base-easy-to-build-hard-to-raid-rust-starter-base,0,20,0%,12.95
https://www.rustbaselab.com/base/the-best-2x2-in-rust-blooprint-base-design-solo-duo-trio-2024,0,19,0%,6.84
https://www.rustbaselab.com/base/insane-solo-duo-bunker-base-design-2025-rust,0,19,0%,8.74
https://www.rustbaselab.com/base/340fb1a6-5ff3-44ff-94ba-f4fd4bd3e4c9,0,19,0%,9.11
https://www.rustbaselab.com/base/the-ripper-2x2-rust-base-design-opencore-shell,0,19,0%,10.05
https://www.rustbaselab.com/base/blooprint-39-s-greatest-2x2-expansion-rust-base-design-2024,0,18,0%,9.78
https://www.rustbaselab.com/base/new-building-method-2x2-rust-base-design-2025,0,16,0%,12.62
https://www.rustbaselab.com/base/the-best-solo-duo-bunker-base-in-rust-base-design-5-minute-build,0,15,0%,20.13
https://www.rustbaselab.com/base/5f97304f-08e9-4fdf-bd8e-b68be1947a44,0,14,0%,16.07
https://www.rustbaselab.com/base/the-monolith-rust-base-design-2025,0,14,0%,25.07
https://www.rustbaselab.com/base/the-atlas-insanely-strong-solo-duo-base-design-rust-2024,0,13,0%,8.77
https://www.rustbaselab.com/base/polaris-best-offline-duo-trio-quad-with-5-walls-6-bunkers-amp-floor-stack,0,12,0%,4.92
https://www.rustbaselab.com/base/cb1d4797-0c42-4443-81fe-a7f566298df0,0,12,0%,13.92
https://www.rustbaselab.com/base/the-shortie-compact-amp-powerful-2x1-base-for-duos-trios-rust-2025,0,11,0%,4.36
https://www.rustbaselab.com/base/the-utopia-the-best-circle-opencore-base-for-groups-rust-base-design,0,11,0%,6.73
https://www.rustbaselab.com/base/72f2acb4-772e-41e9-8aed-d264d5a7ed42,0,11,0%,10.64
https://www.rustbaselab.com/base/the-dune-strong-and-cheap-solo-rust-base-design-self-defending,0,10,0%,5.1
https://www.rustbaselab.com/base/452aaed6-6672-4de8-90bb-3f4d42fa96d1,0,10,0%,12
https://www.rustbaselab.com/base/the-perfect-4-8-man-circle-expansion-rust-base-design-new-external-tcs,0,10,0%,13.4
https://www.rustbaselab.com/bases?type=4e2bd5af-615f-4002-9939-ed983d136f3c,0,10,0%,14.6
https://www.rustbaselab.com/base/the-teal-1x1-solo-duo-rust-base-with-double-bunker-medium-cost-and-easy-to-build,0,9,0%,5.22
https://www.rustbaselab.com/bases?teamSize=36194f9f-15ec-430c-9ce6-411c8a6c6cf5,0,9,0%,5.44
https://www.rustbaselab.com/base/the-perfect-duo-base-in-rust-meta-base-design-2025,0,8,0%,6.75
https://www.rustbaselab.com/base/the-ultimate-solo-base-design-rust-2025,0,8,0%,11.38
https://www.rustbaselab.com/base/new-meta-the-strongest-duo-base-rust-base-design-2025,0,8,0%,11.5
https://www.rustbaselab.com/base/how-to-build-a-easy-bunker-base-in-rust,0,8,0%,40.38
https://www.rustbaselab.com/base/the-rune-my-new-best-solo-duo-rust-base-design-4-bunkers,0,7,0%,3
https://www.rustbaselab.com/base/new-hidden-solo-bunker-solo-base-design-rust,0,7,0%,6.14
https://www.rustbaselab.com/base/how-to-build-spoonkids-starter-base-design-rust-2025,0,7,0%,7.29
https://www.rustbaselab.com/base/willjums-coziest-solo-base-rust-base-design-2024,0,7,0%,23.14
https://www.rustbaselab.com/base/how-to-build-the-most-efficient-starter-base-in-rust,0,7,0%,24.14
https://www.rustbaselab.com/bases?teamSize=b795355b-b0d0-407f-a6bc-90189f07a8a3,0,6,0%,10.83
https://www.rustbaselab.com/terms,0,5,0%,6.2
https://www.rustbaselab.com/bases?teamSize=87c17f4d-ca0b-4f91-8297-89992190a5f2,0,5,0%,6.4
https://www.rustbaselab.com/base/new-meta-2025-2x2-expansion-rust-base-design-single-tc-bunker,0,5,0%,8.4
https://www.rustbaselab.com/bases?type=4f078e59-637f-471f-8b0b-7464cef3dce9,0,5,0%,9
https://www.rustbaselab.com/bases?teamSize=887bd9c8-4db8-46b5-a43f-76b3a03b3198,0,5,0%,13.4
https://www.rustbaselab.com/base/new-updated-2x2-rust-base-design-2025,0,5,0%,13.6
https://www.rustbaselab.com/base/bf7254cb-2193-41bc-bf56-7bbcbeb08abc,0,5,0%,32.2
https://www.rustbaselab.com/base/5-best-trap-base-designs-in-rust-2024,0,5,0%,51.8
https://www.rustbaselab.com/base/the-beast-my-best-4x4-base-for-online-offline-defense-8-bunkers-rust-base-design,0,4,0%,5.75
https://www.rustbaselab.com/base/82297e1c-d8f9-4fec-9845-02b913f61f6b,0,4,0%,8
https://www.rustbaselab.com/base/new-perfect-for-duo-rust-base-design-2025,0,4,0%,10.25
https://www.rustbaselab.com/base/rust-perfect-base-2x2-for-trio-quad-design-100-rockets,0,4,0%,12.25
https://www.rustbaselab.com/base/the-shortie-compact-and-powerful-2x1-base-for-duos-trios-rust-2025,0,3,0%,5.67
https://www.rustbaselab.com/base/new-oilrats-2x2-rust-base-design-2025-fully-explained,0,3,0%,7.67
https://www.rustbaselab.com/base/vending-machine-shop-base-drone-accessible-rust-build-guide,0,3,0%,8.67
https://www.rustbaselab.com/base/the-stallion-quad-offline-base-bunker-amp-cool-opencore-simple-to-build-rust-base-designs-2025,0,3,0%,9.33
https://www.rustbaselab.com/bases?teamSize=d8816db3-33c9-464c-88b4-c765939d20b2,0,3,0%,10.33
https://www.rustbaselab.com/base/op-trap-base-design-high-success-rate,0,3,0%,18.67
https://www.rustbaselab.com/base/rust-the-arbiter-a-unique-simple-rust-solo-base-design,0,3,0%,28
https://www.rustbaselab.com/base/069b9d5e-b0d5-48f9-b94b-e05ce794fa11,0,2,0%,6.5
https://www.rustbaselab.com/base/409c7ebc-05ce-47a4-8042-aac8c72d49fb,0,2,0%,6.5
https://www.rustbaselab.com/base/vending-machine-shop-base-design-for-rust,0,2,0%,8
https://www.rustbaselab.com/base/3f861561-5f53-43f4-9674-d8d79043d6d8,0,2,0%,9
https://www.rustbaselab.com/base/new-the-perfect-trio-rust-base-design-2025,0,2,0%,9
https://www.rustbaselab.com/bases?type=efe86596-4ba1-4c21-bd22-1bc4213a15d4,0,2,0%,10
https://www.rustbaselab.com/base/o-design-de-base-mais-forte-em-rust-f-cil-de-construir-solo-duo-trio,0,2,0%,15.5
https://www.rustbaselab.com/base/the-termit-v2-best-solo-duo-rust-base,0,1,0%,2
https://www.rustbaselab.com/base/i-built-a-100-automatic-trap-base,0,1,0%,4
https://www.rustbaselab.com/base/0dcb054b-bc8b-496a-92bb-a2042b7eac04,0,1,0%,8
https://www.rustbaselab.com/base/most-compact-3x3-for-small-groups-rust-rustbase-rustbasedesign-rustbunker-rustgame-rustwipe,0,1,0%,10
https://www.rustbaselab.com/bases?teamSize=58871ed1-32ac-4c7e-8e57-3369978175d3,0,1,0%,11
https://www.rustbaselab.com/bases?type=958d0f85-cba5-4dfb-ad7f-1783bb9760cf,0,1,0%,12
https://www.rustbaselab.com/base/i-built-a-jungle-trap-base-in-rust,0,1,0%,14
https://www.rustbaselab.com/bases?type=5efb2a28-f5a8-4ab0-9eea-87bcb23893c3,0,1,0%,14
https://www.rustbaselab.com/base/learn-to-build-an-insane-2x2-in-rust-2025,0,1,0%,15
https://www.rustbaselab.com/base/rust-2x2-base-design-2025-updated-builder,0,1,0%,38