Page,Visitors,Total
"/",90,152
"/bases",60,121
"/base/rust-the-arbiter-a-unique-simple-rust-solo-base-design",15,17
"/base/the-teal-1x1-solo-duo-rust-base-with-double-bunker-medium-cost-and-easy-to-build",10,10
"/base/how-to-build-the-ultimate-3x3-farm-base-rust-2025-tutorial",8,9
"/base/feros-new-meta-solo-duo-with-open-core-inside-area-insane-peaks-amp-bunker-rust-base-design",6,7
"/base/polaris-best-offline-duo-trio-quad-with-5-walls-6-bunkers-amp-floor-stack",6,7
"/base/strongest-solo-duo-trio-rust-base-design-2024",6,6
"/base/the-ultimate-solo-base-design-rust-2025",6,6
"/base/how-to-build-a-perfect-starter-base-in-rust",4,4
"/base/learn-to-build-an-insane-2x2-in-rust-2025",4,4
"/base/new-perfect-2x1-expansion-solo-duo-rust-base-design-2025",4,4
"/base/the-agitator-my-tiny-solo-duo-trio-open-core-bunker-rust-base-design",4,4
"/base/the-best-new-meta-2x2-shell-base-design-rust",4,4
"/base/the-prodigy-trio-quad-bunker-base-offline-tank-amp-online-raid-ready-rust-base-designs-2025",4,4
"/base/trio-s-base-design-new-shark-in-rust-2025-complete-guide",4,6
"/base/best-solo-duo-base-design-in-rust-2025-compact-strong-amp-easy-to-build",3,3
"/base/insane-rust-trio-base-design-2025-perfect-trio-base-design",3,3
"/base/new-2x2-pvp-chad-rust-base-design-2025",3,3
"/base/rust-insane-only-solo-bunker-base-design-2025",3,3
"/base/rust-the-best-solo-duo-rust-base-design-super-strong",3,3
"/base/the-atlas-insanely-strong-solo-duo-base-design-rust-2024",3,3
"/base/the-best-solo-duo-trio-base-in-rust-strong-base-design-2024",3,5
"/base/the-liquid-rust-5-8-widegap-bunkers-rust-base-design",3,3
"/base/the-pharaoh-my-unique-solo-duo-trio-bunker-rust-base-design",3,4
"/base/the-rune-my-new-best-solo-duo-rust-base-design-4-bunkers",3,5
"/base/ultimate-hidden-loot-base-with-drop-bunkers-rust-2x1-design-tutorial",3,3
"/search",3,4
"/base/2x2-op-rust-base-design-2025",2,2
"/base/best-2x1-solo-duo-rust-base-design-super-strong",2,2
"/base/blooprints-perfect-base-design-in-rust",2,2
"/base/how-to-build-a-easy-bunker-base-in-rust-rust-rustgame-rustshorts-rustclips-rusttips-shorts",2,2
"/base/i-built-a-jungle-trap-base-in-rust",2,2
"/base/my-perfect-solo-duo-bunker-base-design-in-rust-2025",2,2
"/base/new-building-method-2x2-rust-base-design-2025",2,2
"/base/new-oilrats-2x2-rust-base-design-2025-fully-explained",2,2
"/base/new-perfect-for-duo-rust-base-design-2025",2,2
"/base/new-updated-2x2-rust-base-design-2025",2,2
"/base/rust-perfect-base-for-trio-quad-design-very-strong",2,2
"/base/rust-perfect-circle-base-solo-duo-trio-design",2,2
"/base/rust-the-best-base-for-trio-quad-design-100-rockets-very-strong",2,2
"/base/superb-v2-perfect-rust-duo-bunker-base-design",2,2
"/base/the-best-2x2-in-rust-blooprint-base-design-solo-duo-trio-2024",2,2
"/base/the-dune-strong-and-cheap-solo-rust-base-design-self-defending",2,3
"/base/the-frustrator-2025-a-casual-solo-duo-trio-open-core-base-rust-base-design-rebuild",2,2
"/base/the-kubla-solo-duo-trio-affordable-rust-base-design-with-online-and-offline-raid-protection",2,2
"/base/the-volcanus-rust-base-solo-duo-rust-console",2,2
"/base/the-worker-a-base-for-those-who-study-work-rust-base-design",2,2
"/base/willjums-coziest-solo-base-rust-base-design-2024",2,2
"/feedback",2,2
"/about",1,1
"/base/blooprints-greatest-2x2-expansion-rust-base-design-2024",1,1
"/base/cheap-4x4-build-best-online-snowball-base-bunkered-core-rust-base-design-2025",1,1
"/base/coziest-farm-base-in-rust-rust-base-design",1,1
"/base/how-to-build-a-easy-bunker-base-in-rust",1,1
"/base/how-to-build-spoonkid-s-2x2-chad-shack-expansion-rust-base-design-2025",1,1
"/base/how-to-build-spoonkids-starter-base-design-rust-2025",1,1
"/base/how-to-build-the-most-efficient-starter-base-in-rust",1,1
"/base/insane-solo-duo-bunker-base-design-2025-rust",1,1
"/base/most-compact-3x3-for-small-groups-rust-rustbase-rustbasedesign-rustbunker-rustgame-rustwipe",1,1
"/base/new-hidden-solo-bunker-solo-base-design-rust",1,1
"/base/new-meta-2025-2x2-expansion-rust-base-design-single-tc-bunker",1,1
"/base/new-perfect-3x3-expansion-rust-base-design-2026",1,1
"/base/new-the-perfect-trio-rust-base-design-2025",1,1
"/base/o-design-de-base-mais-forte-em-rust-f-cil-de-construir-solo-duo-trio",1,1
"/base/perfect-2x2-expansion-rust-base-design",1,1
"/base/perfect-duo-base-rust-base-design-2023",1,1
"/base/rust-2x1-mini-farm-opencore-solo-duo-trio-base-design",1,1
"/base/rust-perfect-base-2x2-for-solo-duo-design-100-rockets",1,1
"/base/rust-perfect-base-2x2-for-trio-quad-design-100-rockets",1,1
"/base/rust-polar-premium-duo-trio-base-design-faded-2024",1,1
"/base/shadow-super-2x2-duo-quad-rust-base-design-2025",1,1
"/base/solo-mini-open-core-bunker-base-rust-2025-strong-simple-amp-raid-proof-tutorial",1,1
"/base/the-best-solo-duo-base-in-rust-base-design-2024",1,1
"/base/the-best-solo-duo-bunker-base-in-rust-base-design-5-minute-build",1,1
"/base/the-mini-4x4-base-best-quad-base-in-rust-rust-base-designs-2025",1,1
"/base/the-monolith-rust-base-design-2025",1,1
"/base/the-most-broken-duo-base-rust-design-2025",1,1
"/base/the-perfect-4-8-man-circle-expansion-rust-base-design-new-external-tcs",1,1
"/base/the-perfect-duo-base-in-rust-meta-base-design-2025",1,1
"/base/the-perfect-solo-base-in-rust-meta-base-design-2025",1,1
"/base/the-ripper-2x2-rust-base-design-opencore-shell",1,1
"/base/the-shortie-compact-amp-powerful-2x1-base-for-duos-trios-rust-2025",1,1
"/base/the-simple-2x2-solo-bunker-20-rockets",1,1
"/base/the-simple-solo-base-easy-to-build-hard-to-raid-rust-starter-base",1,1
"/base/the-termit-v2-best-solo-duo-rust-base",1,1
"/base/the-termit-v2-best-solo-duo-rust-base-rustbasedesign-rustbase-rust",1,1
"/base/the-tuna-can-low-grade-farm-base-design-for-tons-of-lgf-on-rust",1,1
"/base/the-tyche-2025-meta-rust-trio-base-design-erebus",1,1
"/base/the-utopia-the-best-circle-opencore-base-for-groups-rust-base-design",1,1
"/base/ultimate-rust-underwater-base-2025-hidden-unraidable-bunker",1,1
"/base/unraidable-duo-trio-fortress-base-rust-pro-base-design-2025-peek-angles",1,1
"/contact",1,1
"/favorites",1,1
"/privacy",1,1
"/terms",1,1